,a01-base_case,a02-more_windows,a03-test,a04-test2
peak_temp,28.15769188827185,28.327594863471866,28.355232195348705,28.42071843227199
